title,author,avg_rating,date_added,num_of_pages,genre,rating_num
Hunger(Unbound #3),Nicoli Gonnella,4.43,2025-04-19,1035.0,unknown,2.0
Silence(Unbound #2),Nicoli Gonnella,4.23,2025-04-19,482.0,artists'_books,3.0
Dissonance(Unbound #1),Nicoli Gonnella,4.38,2025-04-16,778.0,unknown,4.0
"The Dungeon Anarchist's Cookbook(Dungeon Crawler Carl, #3)",Matt Dinniman,4.48,2025-04-15,534.0,fiction,2.0
"Carl's Doomsday Scenario(Dungeon Crawler Carl, #2)",Matt Dinniman,4.54,2025-04-14,364.0,unknown,3.0
"Dungeon Crawler Carl(Dungeon Crawler Carl, #1)",Matt Dinniman,4.51,2025-04-13,446.0,fiction,3.0
Broken Sky(Skies of Cyrna #1),Morgan K. Bell,4.15,2025-03-10,352.0,unknown,
The Party,Natasha Preston,3.53,2025-02-22,352.0,young_adult_fiction,2.0
"Wrath of the Triple Goddess(Percy Jackson and the Olympians: The Senior Year Adventures, #2)",Rick Riordan,4.16,2025-01-04,322.0,juvenile_nonfiction,
"The Chalice of the Gods(Percy Jackson and the Olympians: The Senior Year Adventures, #1)",Rick Riordan,4.28,2025-01-03,288.0,juvenile_fiction,3.0
Council of Peacocks(Activation #1),M. Joseph Murphy,4.02,2025-01-01,,research,
The Boyfriend,Freida McFadden,4.03,2024-12-30,368.0,fiction,3.0
Power Rangers Prime #1,Melissa Flores,4.47,2024-12-30,,comics_&_graphic_novels,3.0
Absolute Superman (2024-) #2,Jason Aaron,4.35,2024-12-30,,comics_&_graphic_novels,4.0
Absolute Superman (2024-) #1,Jason Aaron,4.28,2024-12-30,,comics_&_graphic_novels,3.0
Absolute Batman (2024-) #3,Scott Snyder,4.35,2024-12-30,,comics_&_graphic_novels,5.0
Absolute Batman (2024-) #2,Scott Snyder,4.43,2024-12-30,,comics_&_graphic_novels,4.0
Absolute Batman (2024-) #1,Scott Snyder,4.56,2024-12-30,,comics_&_graphic_novels,4.0
The Hike,Drew Magary,3.97,2024-12-29,278.0,fiction,2.0
Upgrade,Blake Crouch,3.81,2024-12-27,352.0,fiction,4.0
"Foundation(Foundation, #1)",Isaac Asimov,4.17,2024-11-10,244.0,technology_&_engineering,
"Mickey7(Mickey7, #1)",Edward Ashton,3.79,2024-09-18,296.0,young_adult_fiction,
"The Rules of Supervillainy(The Supervillainy Saga, #1)",C.T. Phipps,3.9,2024-08-22,242.0,fiction,3.0
"Six Crimson Cranes(Six Crimson Cranes, #1)",Elizabeth Lim,4.19,2024-08-21,454.0,fiction,4.0
Only Big Bumbum Matters Tomorrow,Damilare Kuku,3.61,2024-07-27,272.0,fiction,3.0
Superman: Secret Identity,Kurt Busiek,4.27,2024-06-24,208.0,comics_&_graphic_novels,4.0
The Five Sorrowful Mysteries of Andy Africa,Stephen Buoro,3.65,2024-02-09,336.0,bildungsromans,
"The Maddest Obsession(Made, #2)",Danielle Lori,4.25,2024-01-08,333.0,electronic_books,
None of This Is True,Lisa Jewell,4.09,2023-12-28,390.0,fiction,
Want to Know a Secret?,Freida McFadden,3.94,2023-12-28,398.0,unknown,
"Defiance of the Fall 11(Defiance of the Fall, #11)",Thefirstdefier,4.53,2023-12-28,662.0,fiction,1.0
"Defiance of the Fall 10(Defiance of the Fall, #10)",Thefirstdefier,4.51,2023-12-28,564.0,fiction,1.0
"Defiance of the Fall 9(Defiance of the Fall, #9)",Thefirstdefier,4.48,2023-12-28,771.0,games_&_activities,2.0
"Defiance of the Fall 8(Defiance of the Fall, #8)",Thefirstdefier,4.5,2023-12-28,748.0,fiction,2.0
"Defiance of the Fall 7(Defiance of the Fall, #7)",Thefirstdefier,4.42,2023-12-28,798.0,fiction,2.0
"Defiance of the Fall 6(Defiance of the Fall, #6)",Thefirstdefier,4.38,2023-12-28,782.0,fiction,3.0
"Defiance of the Fall 5(Defiance of the Fall, #5)",Thefirstdefier,4.5,2023-12-28,662.0,fiction,4.0
"Defiance of the Fall 4(Defiance of the Fall, #4)",Thefirstdefier,4.49,2023-12-28,811.0,fiction,4.0
"Defiance of the Fall 3(Defiance of the Fall, #3)",Thefirstdefier,4.51,2023-12-28,868.0,fiction,4.0
"Defiance of the Fall 2(Defiance of the Fall, #2)",Thefirstdefier,4.53,2023-12-28,638.0,fiction,3.0
"Defiance of the Fall(Defiance of the Fall, #1)",Thefirstdefier,4.36,2023-12-28,765.0,fiction,3.0
The 12 Week Year,Brian P. Moran,3.86,2023-12-25,208.0,business_&_economics,4.0
"Fire and Song(Warformed: Stormweaver, #2)",Bryce O'Connor,4.62,2023-12-13,1049.0,fiction,3.0
"Iron Prince(Warformed: Stormweaver, #1)",Bryce O'Connor,4.58,2023-12-12,850.0,fiction,3.0
"Waybound(Cradle, #12)",Will Wight,4.63,2023-12-12,518.0,unknown,4.0
"Dreadgod(Cradle, #11)",Will Wight,4.63,2023-12-12,464.0,fiction,4.0
"Reaper(Cradle, #10)",Will Wight,4.67,2023-12-08,465.0,fiction,4.0
"Bloodline(Cradle, #9)",Will Wight,4.51,2023-12-08,378.0,unknown,4.0
"Wintersteel(Cradle, #8)",Will Wight,4.69,2023-12-06,540.0,unknown,4.0
"Uncrowned(Cradle, #7)",Will Wight,4.57,2023-12-06,336.0,fiction,4.0
"Underlord(Cradle, #6)",Will Wight,4.61,2023-12-06,400.0,fiction,4.0
"Ghostwater(Cradle, #5)",Will Wight,4.56,2023-12-06,310.0,fiction,4.0
"Skysworn(Cradle, #4)",Will Wight,4.38,2023-12-06,292.0,fiction,4.0
"Blackflame(Cradle, #3)",Will Wight,4.51,2023-12-06,370.0,unknown,4.0
"Soulsmith(Cradle, #2)",Will Wight,4.33,2023-12-04,284.0,unknown,4.0
"Unsouled(Cradle, #1)",Will Wight,4.15,2023-12-04,294.0,unknown,4.0
How To Get Rich,Felix Dennis,4.17,2023-11-06,277.0,biography_&_autobiography,3.0
"Triptych(Will Trent, #1)",Karin Slaughter,4.13,2023-11-04,393.0,fiction,3.0
"Hench(Hench, #1)",Natalie Zina Walschots,4.01,2023-10-29,403.0,english_language,4.0
All the Birds in the Sky,Charlie Jane Anders,3.59,2023-10-29,316.0,fiction,3.0
The Maleficent Seven,Cameron Johnston,3.96,2023-08-17,416.0,fiction,3.0
"Kings of the Wyld(The Band, #1)",Nicholas Eames,4.27,2023-08-17,502.0,fiction,
The Martyr(Covenant of Steel #2),Anthony Ryan,4.38,2023-08-17,528.0,unknown,
"The Shadow of the Gods(The Bloodsworn Saga, #1)",John Gwynne,4.21,2023-08-17,480.0,fiction,
"The Justice of Kings(Empire of the Wolf, #1)",Richard Swan,4.01,2023-08-17,496.0,electronic_books,
"The Pariah(Covenant of Steel, #1)",Anthony Ryan,4.18,2023-08-17,600.0,fiction,
One Exit - Verloren im Untergrund,darkviktory,4.09,2023-08-17,400.0,juvenile_fiction,
"Schattengold: Ach, wie gut, dass niemand weiß...",Christian Handel,3.84,2023-08-17,400.0,fiction,
"Wendy, Darling(Wendy, Darling, #1)",A.C. Wise,3.58,2023-08-17,333.0,young_adult_fiction,2.0
Cursed,Marie O'Regan,3.53,2023-08-17,373.0,fiction,
Frau Holles Labyrinth,Stefanie Lasthaus,3.16,2023-08-17,400.0,fiction,
Hooked,A.C. Wise,3.36,2023-08-17,336.0,fiction,
The Witch's Heart,Genevieve Gornichec,4.04,2023-07-21,359.0,fiction,2.0
The Invisible Life of Addie LaRue,V.E. Schwab,4.17,2023-04-14,448.0,immortality,5.0
Machine of Death Artbook,David Malki,3.38,2023-02-05,176.0,unknown,2.0
The Measure,Nikki Erlick,3.97,2023-02-04,353.0,fiction,3.0
Self-Made Man: One Woman's Journey Into Manhood and Back Again,Norah Vincent,3.42,2023-01-25,290.0,biography_&_autobiography,4.0
"The Goblin Emperor(The Chronicles of Osreth, #1)",Katherine Addison,4.07,2023-01-24,446.0,fiction,
"The Witness for the Dead(The Cemeteries of Amalo, #1)",Katherine Addison,4.11,2023-01-21,240.0,fiction,
"The Vagrant(The Vagrant, #1)",Peter Newman,3.66,2022-09-20,400.0,unknown,
Girls Save the World in This One,Ash Parsons,3.73,2022-09-20,432.0,young_adult_fiction,
Origami Jewelry,Mayumi Jezewski,3.97,2022-09-03,64.0,crafts_&_hobbies,
"The Atlas Six(The Atlas, #1)",Olivie Blake,3.56,2022-07-20,376.0,unknown,4.0
Lightblade,Zamil Akhtar,3.98,2022-07-14,516.0,fiction,3.0
Suicide Notes,Michael Thomas Ford,3.8,2022-07-10,295.0,homosexuality,3.0
"She Who Became the Sun(The Radiant Emperor, #1)",Shelley Parker-Chan,3.84,2022-07-10,416.0,fiction,4.0
Norwegian Wood,Haruki Murakami,4.0,2022-02-21,296.0,indonesian_fiction,
"The Maid(Molly the Maid, #1)",Nita Prose,3.75,2022-02-18,304.0,fiction,2.0
"Killing Floor(Jack Reacher, #1)",Lee Child,4.08,2022-02-16,575.0,detective_and_mystery_stories,4.0
"Empire of the Vampire(Empire of the Vampire, #1)",Jay Kristoff,4.33,2022-01-13,739.0,unknown,2.0
"The Keeper of Night(The Keeper of Night, #1)",Kylie Lee Baker,3.61,2021-12-22,393.0,young_adult_fiction,2.0
The One,John Marrs,4.1,2021-12-20,418.0,unknown,3.0
The Power,Naomi Alderman,3.75,2021-10-30,341.0,fiction,4.0
"The Darkness Within Ourselves(The Darkness Series, #1)",Jessica Huntley,3.97,2021-07-07,352.0,young_adult_fiction,3.0
"The Immortals(Olympus Bound, #1)",Jordanna Max Brodsky,3.77,2021-05-29,447.0,fiction,2.0
Delenda Est,Lord Silvere,4.05,2021-04-03,1570.0,unknown,3.0
"Omniscient Reader's Viewpoint, Vol. 3",Singshong,4.75,2021-01-28,903.0,unknown,3.0
"Omniscient Reader's Viewpoint, Vol. 2",Singshong,4.71,2021-01-27,903.0,unknown,4.0
"Omniscient Reader’s Viewpoint, Vol. 1",Singshong,4.71,2021-01-27,2079.0,unknown,3.0
"Crazed Time Traveller(Genius Detective, #20)",Xin Bai,3.0,2021-01-13,,unknown,3.0
"Bottle Cap Murder(Genius Detective, #19)",Xin Bai,3.5,2021-01-12,,unknown,3.0
"In The Name of Love(Genius Detective, #18)",Xin Bai,3.5,2021-01-12,,literary_criticism,3.0
"World's Biggest Lie(Genius Detective, #17)",Xin Bai,3.5,2021-01-12,,unknown,3.0
"The Palm and Back of Hand are all Flesh(Genius Detective, #16)",Xin Bai,4.0,2021-01-11,,english_literature,4.0
"Under Human Skin(Genius Detective, #15)",Xin Bai,3.5,2021-01-11,,unknown,3.0
"Ready Player Two(Ready Player One, #2)",Ernest Cline,3.44,2021-01-11,370.0,fiction,
"Emergency Landing(Genius Detective, #14)",Xin Bai,2.5,2021-01-11,,unknown,3.0
"Last Return(Genius Detective, #13)",Xin Bai,3.0,2021-01-11,,fiction,3.0
"Case of Grandma Liu Murdering Someone(Genius Detective, #12)",Xin Bai,3.0,2021-01-11,,unknown,3.0
"Rich Family Affairs(Genius Detective, #11)",Xin Bai,3.33,2021-01-08,,unknown,3.0
"Secret(Genius Detective, #10)",Xin Bai,3.33,2021-01-08,,juvenile_fiction,3.0
"Friend, Have you Bought Insurance(Genius Detective, #9)",Xin Bai,4.0,2021-01-08,,unknown,4.0
"Peaceful Night Wasn't Peaceful(Genius Detective, #8)",Xin Bai,3.4,2021-01-08,,fiction,4.0
"The Father is Actually a...?(Genius Detective, #7)",Xin Bai,3.2,2021-01-07,,literary_criticism,3.0
"Lucky Man(Genius Detective, #6)",Xin Bai,3.4,2021-01-07,,performing_arts,3.0
"Their Relationship(Genius Detective, #5)",Xin Bai,3.4,2021-01-07,,biography_&_autobiography,3.0
"Another Family's Child(Genius Detective, #4)",Xin Bai,3.17,2021-01-07,,fiction,3.0
"Headless Female Corpse(Genius Detective, #3)",Xin Bai,3.5,2021-01-07,,unknown,3.0
"Family Massacre(Genius Detective, #2)",Xin Bai,3.1,2021-01-07,,fiction,3.0
"The Mysterious Driver(Genius Detective, #1)",Xin Bai,3.62,2021-01-07,,fiction,3.0
"The Book of Koli(Rampart Trilogy, #1)",M.R. Carey,4.02,2020-11-20,416.0,fiction,4.0
Elizabeth,Jessica Hamilton,3.49,2020-11-16,160.0,english_fiction,3.0
"Children of Ruin(Children of Time, #2)",Adrian Tchaikovsky,4.05,2020-11-06,597.0,fiction,
"Children of Time(Children of Time, #1)",Adrian Tchaikovsky,4.3,2020-11-06,608.0,fiction,
"King of Scars(King of Scars, #1)",Leigh Bardugo,4.15,2020-11-06,511.0,young_adult_fiction,
"Smoke and Stone(City of Sacrifice, #1)",Michael R. Fletcher,3.9,2020-11-05,335.0,unknown,3.0
"My Sister, the Serial Killer",Oyinkan Braithwaite,3.65,2020-11-04,226.0,unknown,2.0
"Sex Criminals, Vol. 1: One Weird Trick",Matt Fraction,3.9,2020-11-02,128.0,comics_&_graphic_novels,2.0
"The Queen's Executioner(Magelands Epic, #1)",Christopher Mitchell,4.24,2020-11-02,460.0,unknown,
Breath: The New Science of a Lost Art,James Nestor,4.15,2020-11-02,280.0,breathing_exercises,
Someday I'll Be Redeemed,Kelly Blanchard,4.18,2020-11-02,468.0,unknown,
Little Cruelties,Liz Nugent,3.76,2020-11-02,384.0,fiction,5.0
The Death of Vivek Oji,Akwaeke Emezi,4.12,2020-11-02,248.0,unknown,3.0
"I, Lucifer",Glen Duncan,3.6,2020-09-01,272.0,fiction,3.0
Swordheart,T. Kingfisher,4.11,2020-07-28,426.0,housekeepers,2.0
The Hollow Places,T. Kingfisher,3.79,2020-07-28,341.0,fiction,4.0
The Ten Thousand Doors of January,Alix E. Harrow,4.02,2020-06-22,374.0,books_and_reading,4.0
"Middlegame(Alchemical Journeys, #1)",Seanan McGuire,4.01,2020-06-22,492.0,fiction,3.0
Normal People,Sally Rooney,3.81,2020-06-05,273.0,college_students,1.0
Becoming Nigerian: A Guide,Elnathan John,3.96,2020-04-28,160.0,humor,3.0
Six Wakes,Mur Lafferty,3.83,2020-04-28,361.0,fiction,
Hits and Misses: Stories,Simon Rich,3.87,2020-04-10,240.0,fiction,3.0
Superman: Dawnbreaker,Matt de la Pena,3.52,2020-04-10,288.0,unknown,3.0
Guilty Wives,James Patterson,3.9,2020-02-16,455.0,americans,3.0
"The Bird and the Sword(The Bird and the Sword Chronicles, #1)",Amy Harmon,4.17,2019-12-15,328.0,daughters,4.0
Hell:  The Possession and Exorcism of Cassie Stevens,Tom Lewis,4.18,2019-12-14,374.0,unknown,
The Library at Mount Char,Scott Hawkins,4.07,2019-12-07,390.0,ability,4.0
"Nyxia Unleashed(The Nyxia Triad, #2)",Scott Reintgen,4.2,2019-12-06,393.0,young_adult_fiction,3.0
"Nyxia(The Nyxia Triad, #1)",Scott Reintgen,4.14,2019-12-05,384.0,fiction,3.0
"Feed(Newsflesh, #1)",Mira Grant,3.85,2019-12-01,599.0,fiction,1.0
"The Wicker King(The Wicker King, #1)",K. Ancrum,3.98,2019-11-30,305.0,juvenile_fiction,4.0
The Screwtape Letters,C.S. Lewis,4.27,2019-11-30,222.0,literary_collections,3.0
The Silent Patient,Alex Michaelides,4.17,2019-11-18,336.0,fiction,4.0
Thr3e,Ted Dekker,4.07,2019-11-11,423.0,christian_fiction,4.0
"The Devil's Dream(The Devil's Dream, #1)",David Beers,3.91,2019-10-05,310.0,temperance,1.0
"The Kind Worth Killing(Henry Kimball/Lily Kintner, #1)",Peter Swanson,3.98,2019-10-01,320.0,fiction,4.0
"The Hypnotist(Joona Linna, #1)",Lars Kepler,3.75,2019-09-30,503.0,boys,2.0
Supergod,Warren Ellis,3.72,2019-09-30,128.0,antiheroes,3.0
The Grand Dark,Richard Kadrey,3.62,2019-08-22,432.0,artifical_intelligence,
Dirty Rotten Hippies and Other Stories,Bryan Smith,4.03,2019-08-21,256.0,fiction,2.0
"The Rage of Dragons(The Burning, #1)",Evan Winter,4.31,2019-08-21,535.0,ability,3.0
Feed,M.T. Anderson,3.55,2019-08-21,237.0,young_adult_fiction,
"Happiness, Like Water",Chinelo Okparanta,4.02,2019-08-06,196.0,fiction,4.0
"Vicious(Villains, #1)",V.E. Schwab,4.19,2019-07-24,402.0,unknown,4.0
"Good Omens: The Nice and Accurate Prophecies of Agnes Nutter, Witch",Terry Pratchett,4.25,2019-06-19,491.0,fiction,3.0
The Bridegroom,Ha Jin,3.75,2019-06-13,225.0,fiction,2.0
I'm Thinking of Ending Things,Iain Reid,3.53,2019-06-09,241.0,fiction,4.0
Fever Dream,Samanta Schweblin,3.72,2019-06-09,183.0,unknown,
The Night Tiger,Yangsze Choo,3.86,2019-06-09,372.0,unknown,3.0
"Ask Again, Yes",Mary Beth Keane,3.93,2019-06-07,388.0,fiction,4.0
"Edgedancer(The Stormlight Archive, #2.5)",Brandon Sanderson,4.15,2019-06-05,272.0,fiction,5.0
"Holes(Holes, #1)",Louis Sachar,4.01,2019-05-25,272.0,juvenile_fiction,3.0
"Empire of Silence(The Sun Eater, #1)",Christopher Ruocchio,4.01,2019-05-24,753.0,fiction,3.0
A Bit of Difference,Sefi Atta,3.43,2019-04-10,222.0,fiction,3.0
The Ones That Disappeared,Zana Fraillon,3.8,2019-04-07,320.0,juvenile_nonfiction,
诡秘之主,Ai Qianshui de Wuzei,4.72,2019-04-07,,unknown,
Martial Arts Master Volume 2,Ai Qianshui de Wuzei,3.81,2019-04-07,,unknown,
The Devil's Advocate,Andrew Neiderman,3.99,2019-04-07,237.0,fiction,4.0
Rage,Richard Bachman,3.72,2019-04-05,131.0,fiction,3.0
Rebecca,Daphne du Maurier,4.25,2019-03-19,449.0,fiction,
The Partner,John Grisham,3.97,2019-02-19,416.0,fiction,
Murder Games - Part 1,James Patterson,3.77,2019-01-20,80.0,fiction,4.0
Children of the Nameless,Brandon Sanderson,3.91,2019-01-02,217.0,fiction,
Bridge of Clay,Zusak Markus,3.81,2019-01-02,583.0,unknown,
The Wicker King,K. Ancrum,3.98,2019-01-02,336.0,juvenile_fiction,
Need to Know,Karen Cleveland,3.82,2019-01-02,336.0,fiction,
That Kind of Mother,Rumaan Alam,3.07,2019-01-02,291.0,fiction,
Under My Skin,Lisa Unger,3.62,2019-01-02,304.0,fiction,
Warlight,Michael Ondaatje,3.6,2019-01-02,268.0,fiction,
"The Kingdom of Copper(The Daevabad Trilogy, #2)",S.A. Chakraborty,4.39,2019-01-02,621.0,fiction,
Friday Black,Nana Kwame Adjei-Brenyah,4.04,2019-01-02,194.0,fiction,
Chronicle of a Death Foretold,Gabriel García Márquez,3.97,2019-01-02,120.0,fiction,
"Holy Sister(Book of the Ancestor, #3)",Mark Lawrence,4.31,2019-01-02,343.0,unknown,
"The Novice(Summoner, #1)",Taran Matharu,4.12,2019-01-02,398.0,unknown,
The Atlantis Complex(Artemis Fowl #7),Eoin Colfer,3.97,2018-12-10,357.0,adventure_stories,3.0
"The Time Paradox(Artemis Fowl, #6)",Eoin Colfer,4.08,2018-12-10,391.0,adventure_and_adventurers_/_fiction,3.0
"The Lost Colony(Artemis Fowl, #5)",Eoin Colfer,4.01,2018-12-09,385.0,adventure_stories,4.0
"The Eternity Code(Artemis Fowl, #3)",Eoin Colfer,4.05,2018-12-07,329.0,adventure_and_adventurers,3.0
The Arctic Incident(Artemis Fowl #2),Eoin Colfer,3.96,2018-12-06,398.0,juvenile_fiction,4.0
"Artemis Fowl(Artemis Fowl, #1)",Eoin Colfer,3.86,2018-12-06,396.0,juvenile_fiction,4.0
"You(You, #1)",Caroline Kepnes,3.96,2018-12-04,424.0,chapbooks,2.0
Baby Teeth,Zoje Stage,3.6,2018-12-03,304.0,fiction,3.0
Nameless,Grant Morrison,3.51,2018-12-03,192.0,comics_&_graphic_novels,
The Wife Between Us,Greer Hendricks,3.83,2018-11-27,432.0,fiction,3.0
"Goblin Slayer, Vol. 5",Kumo Kagyu,4.32,2018-11-14,216.0,fiction,3.0
"Crazy Rich Asians(Crazy Rich Asians, #1)",Kevin Kwan,3.91,2018-11-10,403.0,unknown,5.0
The Testament of Loki(Loki #2),Joanne M. Harris,3.59,2018-11-09,295.0,fiction,3.0
"Goblin Slayer, Vol. 4",Kumo Kagyu,4.03,2018-11-07,216.0,comics_&_graphic_novels,3.0
"The Dragon Republic(The Poppy War, #2)",R.F. Kuang,4.36,2018-10-26,658.0,fiction,
The Scar,Marina Dyachenko,3.91,2018-10-26,452.0,fiction,
"The Collapsing Empire(The Interdependency, #1)",John Scalzi,4.12,2018-10-26,336.0,fiction,
"Goblin Slayer, Vol. 3",Kumo Kagyu,4.18,2018-10-13,239.0,comics_&_graphic_novels,4.0
"Goblin Slayer, Vol. 2",Kumo Kagyu,4.24,2018-10-12,248.0,fiction,4.0
"Goblin Slayer, Vol. 1",Kumo Kagyu,4.11,2018-10-12,232.0,comics_&_graphic_novels,5.0
"29, Single & Nigerian",Naijasinglegirl,3.95,2018-10-12,0.0,comics_&_graphic_novels,3.0
"Dark Moonlighting(Dark Moonlighting, #1)",Scott Haworth,3.49,2018-10-02,201.0,performing_arts,
Hurts Just Like Love,M. Thomas,4.05,2018-09-28,336.0,unknown,
"Legion: The Many Lives of Stephen Leeds(Legion, #1-3)",Brandon Sanderson,4.17,2018-09-20,352.0,fiction,5.0
The Ones That Got Away,Stephen Graham Jones,3.69,2018-08-31,256.0,fiction,1.0
Snap,Belinda Bauer,3.81,2018-08-29,282.0,fiction,
"It Ends with Us(It Ends with Us, #1)",Colleen Hoover,4.11,2018-08-09,386.0,fiction,
"The Art of Living Other People's Lives: Stories, Confessions, and Memorable Mistakes",Greg Dybec,3.79,2018-08-08,240.0,humor,4.0
"Lancelot(The Arthurian Tales, #1)",Giles Kristian,4.22,2018-08-08,450.0,unknown,
The Wife,Alafair Burke,3.86,2018-08-04,496.0,fiction,4.0
Anna Karenina,Leo Tolstoy,4.1,2018-08-02,964.0,literary_collections,
It's Always the Husband,Michele Campbell,3.69,2018-08-02,336.0,friendship,
The Song of Achilles,Madeline Miller,4.31,2018-08-01,352.0,fiction,2.0
"Simon vs. the Homo Sapiens Agenda(Simonverse, #1)",Becky Albertalli,4.14,2018-08-01,320.0,young_adult_fiction,3.0
Happy Doomsday,David Sosnowski,3.45,2018-08-01,444.0,dystopias,
The Invisible Man,H.G. Wells,3.63,2018-07-31,192.0,unknown,3.0
"The Burning White(Lightbringer, #5)",Brent Weeks,4.26,2018-07-29,960.0,fiction,3.0
"The Blood Mirror(Lightbringer, #4)",Brent Weeks,4.33,2018-07-27,704.0,fiction,4.0
"The Blood of Whisperers(The Vengeance Trilogy, #1)",Devin Madson,3.82,2018-07-25,320.0,unknown,
The Cabin at the End of the World,Paul Tremblay,3.33,2018-07-22,272.0,unknown,
The Outsider,Stephen King,4.01,2018-07-16,561.0,fiction,
"Mr. Mercedes(Bill Hodges Trilogy, #1)",Stephen King,4.03,2018-07-16,437.0,fiction,
"Finders Keepers(Bill Hodges Trilogy, #2)",Stephen King,4.07,2018-07-16,434.0,fiction,
"End of Watch(Bill Hodges Trilogy, #3)",Stephen King,4.11,2018-07-16,432.0,fiction,
"Skyward(Skyward, #1)",Brandon Sanderson,4.47,2018-07-16,513.0,unknown,
"#Nerd(Hashtag, #1)",Cambria Hebert,3.98,2018-07-16,242.0,computers,
"The Ex-Boyfriend's Handbook(Ed & Dan, #1)",Matt Dunn,3.6,2018-07-15,354.0,fiction,3.0
"The Dark Forest(Remembrance of Earth’s Past, #2)",Cixin Liu,4.41,2018-07-07,512.0,fiction,
We Have Always Lived in the Castle,Shirley Jackson,3.92,2018-07-06,152.0,american_fiction,2.0
The Thirteenth Tale,Diane Setterfield,3.98,2018-07-06,406.0,fiction,
The Lovely Bones,Alice Sebold,3.86,2018-07-06,372.0,fiction,
Small Great Things,Jodi Picoult,4.36,2018-07-04,480.0,african_american_nurses,2.0
"Everless(Everless, #1)",Sara Holland,3.79,2018-07-04,362.0,young_adult_fiction,
"Storm Glass(Harbinger, #1)",Jeff Wheeler,4.2,2018-07-04,367.0,fiction,
The Couple Next Door,Shari Lapena,3.8,2018-07-04,308.0,fiction,
"Out of Spite, Out of Mind(Magic 2.0 #5)",Scott Meyer,3.79,2018-07-04,8.0,hackers,
"Bone Music(Burning Girl, #1)",Christopher Rice,3.88,2018-07-04,455.0,fiction,
When We Were Animals,Joshua Gaylord,3.59,2018-07-03,319.0,fiction,
A Thousand Perfect Notes,C.G. Drews,4.16,2018-07-03,282.0,juvenile_fiction,
"Arm of the Sphinx(The Books of Babel, #2)",Josiah Bancroft,4.32,2018-06-25,448.0,unknown,4.0
"The Grey Bastards(The Lot Lands, #1)",Jonathan French,4.06,2018-06-20,529.0,unknown,
"John Dies at the End(John Dies at the End, #1)",David Wong,3.87,2018-06-17,362.0,fiction,2.0
"Ship of Magic(Liveship Traders, #1)",Robin Hobb,4.23,2018-06-10,880.0,fantastic_fiction,
"Senlin Ascends(The Books of Babel, #1)",Josiah Bancroft,4.11,2018-06-10,448.0,"babel,_tower_of",4.0
"Irredeemable, Vol. 1",Mark Waid,4.05,2018-06-08,128.0,comics_&_graphic_novels,
"The Poppy War(The Poppy War, #1)",R.F. Kuang,4.17,2018-06-05,545.0,unknown,
The Seven Husbands of Evelyn Hugo,Taylor Jenkins Reid,4.4,2018-06-05,389.0,fiction,4.0
Windmills of the Gods,Sidney Sheldon,3.88,2018-06-04,419.0,fiction,3.0
Milk and honey,Rupi Kaur,3.96,2018-06-03,204.0,"body,_mind_&_spirit",4.0
Beasts of Extraordinary Circumstance,Ruth Emmie Lang,4.17,2018-06-01,346.0,fiction,3.0
Prey,Michael Crichton,3.79,2018-05-19,507.0,artificial_life,3.0
The Thing Around Your Neck,Chimamanda Ngozi Adichie,4.23,2018-05-02,218.0,fiction,3.0
"Murder on the Orient Express(Hercule Poirot, #10)",Agatha Christie,4.2,2018-04-29,274.0,"detective_and_mystery_stories,_english",4.0
Circe,Madeline Miller,4.22,2018-04-27,393.0,juvenile_fiction,3.0
Let's Talk About Love,Claire Kann,3.7,2018-04-25,304.0,juvenile_fiction,2.0
"Children of Blood and Bone(Legacy of Orïsha, #1)",Tomi Adeyemi,4.11,2018-04-02,544.0,young_adult_fiction,3.0
Other People's Heroes,Blake M. Petit,3.81,2018-03-27,239.0,heroes,3.0
The Child Thief,Brom,4.08,2018-03-09,483.0,fiction,2.0
"The Shadow of What Was Lost(The Licanius Trilogy, #1)",James Islington,4.14,2018-03-04,602.0,fiction,3.0
"Strange the Dreamer(Strange the Dreamer, #1)",Laini Taylor,4.28,2018-03-04,532.0,juvenile_fiction,4.0
"The Wall of Storms(The Dandelion Dynasty, #2)",Ken Liu,4.35,2018-03-02,880.0,fiction,3.0
"The Grace of Kings(The Dandelion Dynasty, #1)",Ken Liu,3.79,2018-02-28,640.0,fiction,3.0
The Immortalists,Chloe Benjamin,3.71,2018-02-27,346.0,fiction,3.0
Chameleon in a Candy Store(Oxygen Thief Diaries Book 2),Anonymous,3.27,2018-02-09,209.0,unknown,4.0
The Chalk Man,C.J. Tudor,3.7,2018-02-02,280.0,fiction,3.0
"When Dimple Met Rishi(Dimple and Rishi, #1)",Sandhya Menon,3.68,2018-02-01,380.0,juvenile_fiction,3.0
The Bus Driver Who Wanted to be God and Other Stories,Etgar Keret,3.95,2018-01-31,130.0,fiction,2.0
The Kite Runner,Khaled Hosseini,4.35,2018-01-21,371.0,feature_films,3.0
Modern Romance,Aziz Ansari,3.8,2018-01-20,279.0,social_science,2.0
The Last Black Unicorn,Tiffany Haddish,3.84,2018-01-17,288.0,humor,3.0
"Carry On(Simon Snow, #1)",Rainbow Rowell,4.16,2018-01-15,522.0,young_adult_fiction,3.0
"Reflex(Jumper, #2)",Steven Gould,3.99,2018-01-14,380.0,fiction,3.0
"Spin(Spin, #1)",Robert Charles Wilson,4.04,2018-01-14,458.0,unknown,4.0
"Jumper(Jumper, #1)",Steven Gould,3.93,2018-01-13,345.0,fiction,4.0
Fire and Fury: Inside the Trump White House,Michael Wolff,3.44,2018-01-10,322.0,political_science,3.0
"Heart of Stone(Bad Things, #5)",Cynthia Eden,4.19,2018-01-07,235.0,young_adult_fiction,2.0
Pimp: The Story of My Life,Iceberg Slim,4.0,2018-01-06,311.0,fiction,4.0
"Ready Player One(Ready Player One, #1)",Ernest Cline,4.23,2017-12-27,480.0,fiction,5.0
"Warcross(Warcross, #1)",Marie Lu,4.13,2017-12-23,353.0,fiction,3.0
Diary of an Oxygen Thief,Anonymous,2.72,2017-12-19,140.0,unknown,3.0
The Neverending Story,Michael Ende,4.18,2017-12-13,396.0,children's_stories,4.0
The Secret Lives of Baba Segi's Wives,Lola Shoneyin,4.08,2017-12-12,280.0,fiction,4.0
"Scythe(Arc of a Scythe, #1)",Neal Shusterman,4.32,2017-12-05,435.0,apprentices,4.0
"The Mall(Downside, #1)",S.L. Grey,3.57,2017-12-04,312.0,fiction,2.0
Hunger: A Memoir of (My) Body,Roxane Gay,4.17,2017-12-03,306.0,biography_&_autobiography,3.0
Men Without Women,Haruki Murakami,3.74,2017-12-02,242.0,fiction,4.0
"One of Us Is Lying(One of Us is Lying, #1)",Karen McManus,3.92,2017-11-27,360.0,application_software,5.0
"They Both Die at the End(Death-Cast, #1)",Adam Silvera,3.75,2017-11-27,389.0,fiction,4.0
"Oathbringer(The Stormlight Archive, #3)",Brandon Sanderson,4.61,2017-11-20,1248.0,fiction,3.0
"The Killing Lessons(Valerie Hart, #1)",Saul Black,3.74,2017-11-19,400.0,fiction,3.0
Thirteen Reasons Why,Jay Asher,3.84,2017-11-17,352.0,unknown,3.0
Wonder Woman: Warbringer,Leigh Bardugo,4.0,2017-11-15,369.0,unknown,4.0
"The Hate U Give(The Hate U Give, #1)",Angie Thomas,4.46,2017-11-14,454.0,juvenile_nonfiction,3.0
It,Stephen King,4.24,2017-11-05,1184.0,fiction,4.0
God Help the Child,Toni Morrison,3.78,2017-10-24,178.0,african_americans,3.0
First They Killed My Father: A Daughter of Cambodia Remembers,Loung Ung,4.35,2017-10-22,238.0,biography_&_autobiography,3.0
False Memory,Dean Koontz,3.91,2017-10-08,751.0,fiction,2.0
Perfume: The Story of a Murderer,Patrick Süskind,4.04,2017-10-04,263.0,fiction,4.0
The First Fifteen Lives of Harry August,Claire North,4.03,2017-09-30,416.0,end_of_the_world,5.0
We Are Okay,Nina LaCour,3.93,2017-09-12,236.0,college_stories,4.0
"The First Book of Swords(Books of Swords, #1)",Fred Saberhagen,3.8,2017-09-11,309.0,fiction,2.0
"The Rook(The Checquy Files, #1)",Daniel O'Malley,4.1,2017-09-10,504.0,fiction,4.0
Beauty Queens,Libba Bray,3.62,2017-08-26,396.0,young_adult_fiction,4.0
"Half the World(Shattered Sea, #2)",Joe Abercrombie,4.19,2017-08-26,366.0,first_loves,5.0
Jonathan Strange & Mr Norrell,Susanna Clarke,3.87,2017-08-26,782.0,fiction,3.0
"The Godless(Children, #1)",Ben Peek,3.5,2017-08-26,392.0,fiction,3.0
Release,Patrick Ness,3.64,2017-08-25,287.0,young_adult_fiction,4.0
Blister,Jeff Strand,3.96,2017-08-24,275.0,unknown,3.0
More Than This,Patrick Ness,3.94,2017-07-30,480.0,unknown,3.0
Pressure,Jeff Strand,4.05,2017-07-26,239.0,"horror_stories,_american",4.0
"The Opal Deception(Artemis Fowl, #4)",Eoin Colfer,4.06,2017-07-26,528.0,unknown,3.0
Artemis,Andy Weir,3.69,2017-07-26,322.0,unknown,3.0
Under the Udala Trees,Chinelo Okparanta,4.03,2017-07-20,328.0,fiction,5.0
The Rest of Us Just Live Here,Patrick Ness,3.68,2017-07-20,348.0,young_adult_fiction,5.0
The Night Circus,Erin Morgenstern,4.0,2017-07-12,506.0,circus,5.0
"How to be a Nigerian(Working Paper Series, 1/1990)",Peter Enahoro,3.96,2017-07-09,96.0,humor,5.0
Lost Boy: The True Story of Captain Hook,Christina Henry,4.21,2017-07-04,292.0,fiction,5.0
"Alice(The Chronicles of Alice, #1)",Christina Henry,3.83,2017-07-04,291.0,fiction,3.0
Dark Places,Gillian Flynn,3.94,2017-07-03,424.0,fiction,3.0
Sour Candy,Kealan Patrick Burke,3.62,2017-07-03,84.0,fiction,3.0
"Wizard's First Rule(Sword of Truth, #1)",Terry Goodkind,4.12,2017-07-01,836.0,fiction,4.0
A Clockwork Orange,Anthony Burgess,4.0,2017-06-21,192.0,fiction,5.0
Serial Hottie,Kelly Oram,3.9,2017-06-13,374.0,hockey,4.0
"The Avery Shaw Experiment(Science Squad, #1)",Kelly Oram,3.98,2017-06-12,303.0,juvenile_fiction,5.0
Scrappy Little Nobody,Anna Kendrick,3.85,2017-06-11,275.0,biography_&_autobiography,3.0
Furiously Happy: A Funny Book About Horrible Things,Jenny Lawson,3.89,2017-05-21,329.0,biography_&_autobiography,3.0
"Lord of Chaos(The Wheel of Time, #6)",Robert Jordan,4.19,2017-05-20,1011.0,fantasy_fiction,4.0
"The Fires of Heaven(The Wheel of Time, #5)",Robert Jordan,4.2,2017-05-01,912.0,fiction,5.0
A Twist in the Tale,Jeffrey Archer,3.89,2017-04-17,320.0,unknown,4.0
"Sufficiently Advanced Magic(Arcane Ascension, #1)",Andrew Rowe,4.12,2017-04-13,625.0,fantasy_fiction,2.0
"BZRK(BZRK, #1)",Michael Grant,3.68,2017-04-03,400.0,unknown,3.0
"Blood of My Blood(I Hunt Killers, #3)",Barry Lyga,4.32,2017-04-03,479.0,fiction,3.0
Animal Farm,George Orwell,4.0,2017-04-03,129.0,animals,4.0
The Dice Man,Luke Rhinehart,3.55,2017-04-01,541.0,fiction,2.0
If We Were Villains,M.L. Rio,4.12,2017-04-01,354.0,unknown,5.0
"Game(I Hunt Killers, #2)",Barry Lyga,4.22,2017-04-01,520.0,fiction,4.0
Dragon of Ash & Stars: The Autobiography of a Night Dragon(The Dragons of Solunas #1),H. Leighton Dickson,4.34,2017-03-31,365.0,unknown,5.0
Psych Investigation Episodes: Episode IV,Kevin Weinberg,4.65,2017-03-13,603.0,unknown,4.0
Psych Investigation Episodes: Episode III,Kevin Weinberg,4.64,2017-03-12,432.0,unknown,4.0
Psych Investigation Episodes: Episode II,Kevin Weinberg,4.59,2017-03-12,390.0,unknown,3.0
Psych Investigation Episodes: Episode 1,Kevin Weinberg,4.54,2017-03-12,336.0,unknown,3.0
"Crooked Kingdom(Six of Crows, #2)",Leigh Bardugo,4.58,2017-03-10,561.0,juvenile_fiction,5.0
"The Shadow Rising(The Wheel of Time, #4)",Robert Jordan,4.28,2017-03-03,1007.0,fiction,4.0
"The Dragon Reborn(The Wheel of Time, #3)",Robert Jordan,4.28,2017-02-27,624.0,fiction,4.0
"The Great Hunt(The Wheel of Time, #2)",Robert Jordan,4.27,2017-02-16,705.0,fiction,4.0
"Seer of Egypt(The King's Man, #2)",Pauline Gedge,4.13,2017-02-12,504.0,philosophy,4.0
The Silver Linings Playbook,Matthew Quick,3.98,2017-02-10,291.0,fiction,5.0
Joyland,Stephen King,3.93,2017-02-09,285.0,fiction,3.0
"Six of Crows(Six of Crows, #1)",Leigh Bardugo,4.47,2017-01-10,480.0,fiction,5.0
"The Three-Body Problem(Remembrance of Earth’s Past, #1)",Cixin Liu,4.08,2017-01-06,472.0,fiction,4.0
"The Eye of the World(The Wheel of Time, #1)",Robert Jordan,4.19,2017-01-04,800.0,"fantasy_comic_books,_strips,_etc",4.0
"Tong Lashing(Sir Apropos of Nothing, #3)",Peter David,3.61,2017-01-02,432.0,unknown,4.0
"The Woad to Wuin(Sir Apropos of Nothing, #2)",Peter David,3.71,2017-01-01,512.0,fiction,3.0
Born a Crime: Stories From a South African Childhood,Trevor Noah,4.49,2016-12-23,289.0,unknown,4.0
"Deadhouse Gates(Malazan Book of the Fallen, #2)",Steven Erikson,4.27,2016-12-21,868.0,fantasy_fiction,3.0
The Subtle Art of Not Giving a F*ck: A Counterintuitive Approach to Living a Good Life,Mark Manson,3.87,2016-12-14,212.0,unknown,3.0
"Gardens of the Moon(Malazan Book of the Fallen, #1)",Steven Erikson,3.93,2016-12-03,666.0,fiction,4.0
Out,Natsuo Kirino,3.94,2016-11-28,400.0,fiction,4.0
"I Don't Want to Kill You(John Cleaver, #3)",Dan Wells,4.23,2016-11-28,320.0,young_adult_fiction,3.0
"Mr. Monster(John Cleaver, #2)",Dan Wells,4.11,2016-11-28,288.0,fiction,3.0
"I Am Not a Serial Killer(John Cleaver, #1)",Dan Wells,3.79,2016-11-28,271.0,young_adult_fiction,3.0
"I Hunt Killers(I Hunt Killers, #1)",Barry Lyga,4.01,2016-11-28,359.0,juvenile_fiction,4.0
The Flicker Men,Ted Kosmatka,3.62,2016-11-28,352.0,fiction,3.0
"The Blade Itself(The First Law, #1)",Joe Abercrombie,4.22,2016-11-28,515.0,"adventure_stories,_english",4.0
"Sir Apropos of Nothing(Sir Apropos of Nothing, #1)",Peter David,3.76,2016-11-28,672.0,fiction,3.0
The Folding Knife,K.J. Parker,4.0,2016-11-28,432.0,byzantine_empire,3.0
The Twice Born(The King's Man #1),Pauline Gedge,4.19,2016-11-28,554.0,fiction,4.0
"The Boy with the Porcelain Blade(Erebus Sequence, #1)",Den Patrick,3.31,2016-11-23,336.0,fiction,4.0
"Victor Deus(Heritage of the Blood, #1)",Brent Lee Markee,4.0,2016-11-21,310.0,fiction,1.0
"I Am the Traitor(The Unknown Assassin, #3)",Allen Zadoff,4.09,2016-11-20,352.0,young_adult_fiction,2.0
"I Am the Mission(The Unknown Assassin, #2)",Allen Zadoff,4.15,2016-11-20,432.0,assassins,2.0
Behind Closed Doors,B.A. Paris,3.97,2016-11-19,293.0,fiction,2.0
"A Gathering of Shadows(Shades of Magic, #2)",V.E. Schwab,4.2,2016-11-19,512.0,contests,4.0
"A Darker Shade of Magic(Shades of Magic, #1)",V.E. Schwab,4.04,2016-11-17,400.0,fiction,4.0
"Control Point(Shadow Ops, #1)",Myke Cole,3.51,2016-11-17,382.0,unknown,1.0
"The Copper Promise(The Copper Cat, #1)",Jen Williams,3.67,2016-11-16,535.0,caves,1.0
"Boy Nobody(The Unknown Assassin, #1)",Allen Zadoff,3.93,2016-11-16,340.0,juvenile_fiction,4.0
Heartless,Marissa Meyer,4.09,2016-11-08,453.0,unknown,5.0
Perfect State,Brandon Sanderson,4.04,2016-11-03,87.0,fiction,3.0
"Mitosis(The Reckoners, #1.5)",Brandon Sanderson,3.85,2016-11-03,55.0,young_adult_fiction,
"Calamity(Reckoners, #3)",Brandon Sanderson,4.18,2016-11-03,424.0,fiction,4.0
"Firefight(The Reckoners, #2)",Brandon Sanderson,4.25,2016-11-03,416.0,young_adult_fiction,4.0
Anansi Boys,Neil Gaiman,4.04,2016-11-03,387.0,fiction,4.0
Stardust,Neil Gaiman,4.1,2016-11-03,248.0,adventure_stories,4.0
"Neverwhere(London Below, #1)",Neil Gaiman,4.16,2016-11-03,370.0,fiction,3.0
The Ocean at the End of the Lane,Neil Gaiman,4.02,2016-11-03,181.0,fiction,4.0
American Gods,Neil Gaiman,4.1,2016-11-03,635.0,unknown,4.0
Norse Mythology,Neil Gaiman,4.1,2016-11-03,299.0,comics_&_graphic_novels,3.0
Dark Matter,Blake Crouch,4.14,2016-11-02,342.0,fiction,4.0
The Ballad of Black Tom,Victor LaValle,3.84,2016-11-01,149.0,fiction,3.0
The Last Days of Jack Sparks,Jason Arnopp,3.85,2016-10-08,336.0,unknown,5.0
"Chaos(I Bring the Fire, #3)",C. Gockel,4.23,2016-10-08,322.0,unknown,3.0
"Red Sister(Book of the Ancestor, #1)",Mark Lawrence,4.16,2016-10-06,467.0,fiction,3.0
"The Hammer of Thor(Magnus Chase and the Gods of Asgard, #2)",Rick Riordan,4.3,2016-10-06,459.0,juvenile_fiction,3.0
"The Sword of Summer(Magnus Chase and the Gods of Asgard, #1)",Rick Riordan,4.23,2016-10-06,512.0,juvenile_fiction,3.0
Quantum Night,Robert J. Sawyer,3.66,2016-10-02,368.0,fiction,5.0
We Are All Completely Fine,Daryl Gregory,3.74,2016-10-02,182.0,fiction,4.0
The Sailor Who Fell from Grace with the Sea,Yukio Mishima,3.84,2016-10-01,181.0,fiction,3.0
On Black Sisters Street,Chika Unigwe,3.87,2016-10-01,258.0,fiction,4.0
"The Giver(The Giver, #1)",Lois Lowry,4.12,2016-09-27,179.0,juvenile_fiction,4.0
"Gathering Blue(The Giver, #2)",Lois Lowry,3.82,2016-09-27,240.0,juvenile_fiction,3.0
In Hero Years... I'm Dead,Michael A. Stackpole,3.89,2016-09-22,325.0,fiction,3.0
"Family(Insanity, #7)",Cameron Jace,4.4,2016-09-20,234.0,unknown,3.0
"Nameless(Nameless, #1)",Jennifer Jenkins,3.99,2016-09-17,,fiction,3.0
"Checkmate(Insanity, #6)",Cameron Jace,4.36,2016-09-17,,unknown,4.0
"Wonder(Insanity, #5)",Cameron Jace,4.4,2016-09-17,327.0,unknown,4.0
"Hookah(Insanity, #4)",Cameron Jace,4.31,2016-09-16,290.0,unknown,4.0
Hero Is a Four Letter Word,J.M. Frey,3.79,2016-09-16,95.0,unknown,3.0
"Circus(Insanity, #3)",Cameron Jace,4.26,2016-09-16,,unknown,4.0
"Figment(Insanity, #2)",Cameron Jace,4.14,2016-09-15,325.0,fairy_tales,3.0
"Insanity(Insanity, #1)",Cameron Jace,3.83,2016-09-15,254.0,forensic_psychiatry,3.0
The Sunbird,Wilbur Smith,4.02,2016-09-10,615.0,unknown,4.0
The Paper Menagerie and Other Stories,Ken Liu,4.36,2016-09-10,450.0,fiction,5.0
"Ex-Purgatory(Ex-Heroes, #4)",Peter Clines,3.98,2016-08-24,352.0,fiction,4.0
"Ex-Isle(Ex-Heroes, #5)",Peter Clines,3.98,2016-08-24,389.0,fiction,4.0
"Ex-Communication(Ex-Heroes, #3)",Peter Clines,4.12,2016-08-24,352.0,fiction,4.0
"Ex-Patriots(Ex-Heroes, #2)",Peter Clines,4.07,2016-08-24,405.0,fiction,3.0
"Ex-Heroes(Ex-Heroes, #1)",Peter Clines,3.86,2016-08-24,336.0,los_angeles_(calif.),4.0
"14(Threshold, #1)",Peter Clines,3.97,2016-08-24,372.0,law,4.0
"The Fold(Threshold, #2)",Peter Clines,3.88,2016-08-24,384.0,education,3.0
"The Girl with All the Gifts(The Girl With All the Gifts, #1)",M.R. Carey,3.95,2016-08-24,461.0,zombies,5.0
Nod,Adrian Barnes,3.37,2016-08-24,206.0,fiction,4.0
"Yellow Brick War(Dorothy Must Die, #3)",Danielle Paige,3.8,2016-08-19,270.0,unknown,3.0
"The Wicked Will Rise(Dorothy Must Die, #2)",Danielle Paige,3.78,2016-08-19,293.0,young_adult_fiction,3.0
"Dorothy Must Die(Dorothy Must Die, #1)",Danielle Paige,3.8,2016-08-19,452.0,unknown,3.0
"Ruler of Beasts(Dorothy Must Die, #0.6)",Danielle Paige,3.71,2016-08-19,84.0,young_adult_fiction,2.0
"The Straw King(Dorothy Must Die, #0.5)",Danielle Paige,3.6,2016-08-19,116.0,unknown,3.0
"Heart of Tin(Dorothy Must Die, #0.4)",Danielle Paige,3.5,2016-08-19,93.0,unknown,3.0
"Dorothy Must Die: Stories(Dorothy Must Die, #0.1-0.3)",Danielle Paige,3.82,2016-08-19,392.0,unknown,3.0
1984,George Orwell,4.2,2016-08-09,328.0,fiction,3.0
"Harry Potter and the Half-Blood Prince(Harry Potter, #6)",J.K. Rowling,4.58,2016-08-09,652.0,juvenile_fiction,3.0
"Harry Potter and the Chamber of Secrets(Harry Potter, #2)",J.K. Rowling,4.43,2016-08-09,352.0,juvenile_fiction,4.0
"Harry Potter and the Goblet of Fire(Harry Potter, #4)",J.K. Rowling,4.57,2016-08-09,734.0,juvenile_fiction,4.0
"Harry Potter and the Order of the Phoenix(Harry Potter, #5)",J.K. Rowling,4.5,2016-08-09,912.0,juvenile_fiction,3.0
"Harry Potter and the Deathly Hallows(Harry Potter, #7)",J.K. Rowling,4.62,2016-08-09,759.0,juvenile_fiction,4.0
"Harry Potter and the Prisoner of Azkaban(Harry Potter, #3)",J.K. Rowling,4.58,2016-08-09,435.0,unknown,4.0
"Charlie Bone and the Shadow(The Children of the Red King, #7)",Jenny Nimmo,4.03,2016-08-09,429.0,juvenile_fiction,4.0
"Charlie Bone and the Beast(The Children of the Red King, #6)",Jenny Nimmo,3.95,2016-08-09,389.0,juvenile_fiction,3.0
"Charlie Bone and the Time Twister(The Children of the Red King, #2)",Jenny Nimmo,3.91,2016-08-09,,juvenile_fiction,3.0
"Charlie Bone and the Invisible Boy(The Children of the Red King, #3)",Jenny Nimmo,3.92,2016-08-09,408.0,juvenile_fiction,4.0
"Charlie Bone and the Hidden King(The Children of the Red King, #5)",Jenny Nimmo,4.01,2016-08-09,464.0,juvenile_fiction,3.0
"Charlie Bone and the Castle of Mirrors(The Children of the Red King, #4)",Jenny Nimmo,3.92,2016-08-09,410.0,juvenile_fiction,4.0
"Midnight for Charlie Bone(The Children of the Red King, #1)",Jenny Nimmo,3.84,2016-08-09,401.0,juvenile_fiction,4.0
"Brisingr(The Inheritance Cycle, #3)",Christopher Paolini,4.11,2016-08-09,748.0,juvenile_nonfiction,4.0
"The Throne of Fire(The Kane Chronicles, #2)",Rick Riordan,4.19,2016-08-06,452.0,juvenile_fiction,
"The House of Hades(The Heroes of Olympus, #4)",Rick Riordan,4.57,2016-08-06,597.0,juvenile_fiction,3.0
"The Red Pyramid(The Kane Chronicles, #1)",Rick Riordan,4.1,2016-08-06,528.0,juvenile_fiction,3.0
"The Mark of Athena(The Heroes of Olympus, #3)",Rick Riordan,4.47,2016-08-06,586.0,unknown,4.0
"The Son of Neptune(The Heroes of Olympus, #2)",Rick Riordan,4.41,2016-08-06,521.0,juvenile_fiction,3.0
"The Lost Hero(The Heroes of Olympus, #1)",Rick Riordan,4.29,2016-08-06,576.0,juvenile_fiction,3.0
"The Last Olympian(Percy Jackson and the Olympians, #5)",Rick Riordan,4.55,2016-08-06,381.0,juvenile_fiction,3.0
"The Sea of Monsters(Percy Jackson and the Olympians, #2)",Rick Riordan,4.24,2016-08-06,279.0,juvenile_fiction,3.0
"The Battle of the Labyrinth(Percy Jackson and the Olympians, #4)",Rick Riordan,4.42,2016-08-06,361.0,"animals,_mythical",3.0
"The Lightning Thief(Percy Jackson and the Olympians, #1)",Rick Riordan,4.31,2016-08-06,377.0,adventure_stories,3.0
"Monsters(I Bring the Fire, #2)",C. Gockel,4.13,2016-08-06,264.0,fiction,4.0
"Wolves(I Bring the Fire, #1)",C. Gockel,3.77,2016-08-06,254.0,fiction,4.0
"The Gospel of Loki(Loki, #1)",Joanne M. Harris,3.74,2016-08-06,302.0,fiction,4.0
"The Dirty Streets of Heaven(Bobby Dollar, #1)",Tad Williams,3.74,2016-08-06,406.0,unknown,3.0
Eragon(The Inheritance Cycle #1),Christopher Paolini,3.96,2016-07-26,503.0,juvenile_fiction,4.0
The Lesser Dead,Christopher Buehlman,4.06,2016-07-20,368.0,unknown,4.0
"Valor(The Faithful and the Fallen, #2)",John Gwynne,4.43,2016-07-15,649.0,fiction,3.0
"City of Blades(The Divine Cities, #2)",Robert Jackson Bennett,4.21,2016-07-15,484.0,fiction,4.0
The Stranger,Albert Camus,4.03,2016-06-30,123.0,fiction,3.0
Taliesin(The Pendragon Cycle #1),Stephen R. Lawhead,4.01,2016-06-03,496.0,fiction,3.0
Fight Club,Chuck Palahniuk,4.18,2016-06-03,218.0,fiction,4.0
The Buried Giant,Kazuo Ishiguro,3.59,2016-04-16,317.0,fiction,2.0
"Ink and Bone(The Great Library, #1)",Rachel Caine,3.97,2016-03-07,362.0,fiction,5.0
"Wake of Vultures(The Shadow, #1)",Lila Bowen,3.88,2016-03-07,342.0,fiction,4.0
The Library at Mount Char,Scott Hawkins,4.07,2016-03-06,390.0,ability,5.0
"The Wheel of Osheim(The Red Queen's War, #3)",Mark Lawrence,4.32,2016-02-25,415.0,fiction,4.0
The Builders,Daniel Polansky,3.76,2016-02-21,226.0,fiction,4.0
"Low Town(Low Town, #1)",Daniel Polansky,3.86,2016-02-21,352.0,business_&_economics,1.0
Devil's Cape,Rob Rogers,3.98,2016-02-21,416.0,unknown,5.0
She Comes First: The Thinking Man's Guide to Pleasuring a Woman,Ian Kerner,4.08,2016-02-01,228.0,self-help,4.0
The First Fifteen Lives of Harry August,Claire North,4.03,2015-12-11,405.0,end_of_the_world,5.0
Seveneves,Neal Stephenson,4.0,2015-11-03,872.0,unknown,5.0
The God Engines,John Scalzi,3.63,2015-10-30,136.0,"fantasy_fiction,_american",4.0
The Girl With All the Gifts: Extended Free Preview,M.R. Carey,3.98,2015-10-24,,fiction,5.0
"Herald of the Storm(Steelhaven, #1)",Richard S. Ford,3.73,2015-10-01,400.0,cities_and_town,3.0
The Martian,Andy Weir,4.42,2015-10-01,384.0,astronauts,5.0
"The Maze Runner(The Maze Runner, #1)",James Dashner,4.05,2015-09-30,384.0,juvenile_fiction,4.0
"So Long, and Thanks for All the Fish(Hitchhiker's Guide to the Galaxy, #4)",Douglas Adams,4.09,2015-09-30,167.0,fiction,3.0
"The Hitchhiker’s Guide to the Galaxy(Hitchhiker's Guide to the Galaxy, #1)",Douglas Adams,4.22,2015-09-30,216.0,fiction,5.0
Superpowers,David J. Schwartz,3.26,2015-07-16,377.0,fiction,3.0
"The Academy(The Central, #1)",Zachary Rawlins,3.5,2015-07-16,397.0,unknown,2.0
Station Eleven,Emily St. John Mandel,4.07,2015-07-16,333.0,actors,2.0
"The Wise Man's Fear(The Kingkiller Chronicle, #2)",Patrick Rothfuss,4.55,2015-07-15,994.0,unknown,5.0
The Dresden Files: Storm Front: Vol. 1: The Gathering Storm,Jim Butcher,4.35,2015-06-12,128.0,unknown,3.0
"Fever Dream(Pendergast, #10)",Douglas Preston,4.13,2015-06-12,405.0,"d'agosta,_vincent_(fictitious_character)",4.0
"Still Life With Crows(Pendergast, #4)",Douglas Preston,4.21,2015-06-12,571.0,fiction,4.0
"Prince of Thorns(Broken Empire, #1)",Mark Lawrence,3.83,2015-06-12,373.0,fiction,4.0
"Skin Game(The Dresden Files, #15)",Jim Butcher,4.56,2015-06-12,464.0,"dresden,_harry_(fictitious_character)",4.0
"Ghost Story(The Dresden Files, #13)",Jim Butcher,4.25,2015-06-12,481.0,fiction,3.0
"Cold Days(The Dresden Files, #14)",Jim Butcher,4.47,2015-06-12,515.0,"dresden,_harry_(fictitious_character)",2.0
"Furies of Calderon(Codex Alera, #1)",Jim Butcher,4.13,2015-06-12,688.0,fiction,4.0
"Turn Coat(The Dresden Files, #11)",Jim Butcher,4.44,2015-06-12,420.0,fiction,3.0
"Small Favor(The Dresden Files, #10)",Jim Butcher,4.43,2015-06-12,423.0,fiction,4.0
"White Night(The Dresden Files, #9)",Jim Butcher,4.38,2015-06-12,407.0,unknown,4.0
"Proven Guilty(The Dresden Files, #8)",Jim Butcher,4.39,2015-06-12,547.0,unknown,4.0
"Blood Rites(The Dresden Files, #6)",Jim Butcher,4.29,2015-06-12,372.0,chicago_(ill.),3.0
"Death Masks(The Dresden Files, #5)",Jim Butcher,4.29,2015-06-12,432.0,"dresden,_harry_(fictitious_character)",4.0
"Dead Beat(The Dresden Files, #7)",Jim Butcher,4.41,2015-06-12,528.0,chicago_(ill.),2.0
"Summer Knight(The Dresden Files, #4)",Jim Butcher,4.26,2015-06-12,446.0,"dresden,_harry_(fictitious_character)",4.0
"Grave Peril(The Dresden Files, #3)",Jim Butcher,4.14,2015-06-12,378.0,unknown,3.0
"Fool Moon(The Dresden Files, #2)",Jim Butcher,3.98,2015-06-12,424.0,chicago_(ill.),3.0
The Emperor's Soul,Brandon Sanderson,4.38,2015-06-12,192.0,fiction,3.0
"Redemption(Infinity Blade, #2)",Brandon Sanderson,3.79,2015-06-12,200.0,unknown,4.0
"Awakening(Infinity Blade, #1)",Brandon Sanderson,3.83,2015-06-12,123.0,unknown,4.0
"Skin Deep(Legion, #2)",Brandon Sanderson,4.12,2015-06-12,208.0,fiction,4.0
"Legion(Legion, #1)",Brandon Sanderson,4.13,2015-06-12,88.0,history,5.0
The Rithmatist(The Rithmatist #1),Brandon Sanderson,4.25,2015-06-12,386.0,unknown,3.0
"Words of Radiance(The Stormlight Archive, #2)",Brandon Sanderson,4.76,2015-06-12,1088.0,fantasy,4.0
"Steelheart(The Reckoners, #1)",Brandon Sanderson,4.14,2015-06-12,386.0,young_adult_fiction,4.0
"The Way of Kings(The Stormlight Archive, #1)",Brandon Sanderson,4.67,2015-06-12,1007.0,fiction,5.0
"Mistborn: The Final Empire(Mistborn, #1)",Brandon Sanderson,4.49,2015-06-12,541.0,fiction,4.0
"The Unnatural Inquirer(Nightside, #8)",Simon R. Green,4.04,2015-06-12,246.0,fiction,4.0
"The Man with the Golden Torc(Secret Histories, #1)",Simon R. Green,3.86,2015-06-12,393.0,fiction,4.0
"Hell to Pay(Nightside, #7)",Simon R. Green,4.06,2015-06-12,264.0,"fantasy_fiction,_english",4.0
"Sharper Than a Serpent's Tooth(Nightside, #6)",Simon R. Green,4.11,2015-06-12,247.0,fiction,4.0
"Paths Not Taken(Nightside, #5)",Simon R. Green,4.05,2015-06-12,262.0,fiction,4.0
"Nightingale's Lament(Nightside, #3)",Simon R. Green,3.98,2015-06-12,217.0,fiction,4.0
"Agents of Light and Darkness(Nightside, #2)",Simon R. Green,4.0,2015-06-12,233.0,private_investigators,4.0
"Something from the Nightside(Nightside, #1)",Simon R. Green,3.78,2015-06-12,230.0,fiction,3.0
"The Devil You Know(Felix Castor, #1)",Mike Carey,3.81,2015-05-24,406.0,exorcism,3.0
"The False Prince(Ascendance, #1)",Jennifer A. Nielsen,4.24,2015-05-24,342.0,juvenile_fiction,4.0
"The Merchant of Death(Pendragon, #1)",D.J. MacHale,3.97,2015-05-24,375.0,juvenile_fiction,3.0
"The Knife of Never Letting Go(Chaos Walking, #1)",Patrick Ness,3.98,2015-05-24,479.0,juvenile_fiction,4.0
"The Way of the Warrior(Young Samurai, #1)",Chris Bradford,4.25,2015-05-24,368.0,juvenile_nonfiction,4.0
"Zero Sight(Zero Sight, #1)",B. Justin Shier,4.02,2015-05-24,236.0,poetry,3.0
"Sandstorm(Sigma Force, #1)",James Rollins,3.96,2015-05-24,574.0,fiction,3.0
"The Ruins of Gorlan(Ranger's Apprentice, #1)",John Flanagan,4.25,2015-05-24,249.0,adventure_stories,3.0
"The Lion, the Witch and the Wardrobe(Chronicles of Narnia, #1)",C.S. Lewis,4.24,2015-05-24,206.0,unknown,4.0
"The Hundred Thousand Kingdoms(Inheritance, #1)",N.K. Jemisin,3.89,2015-05-24,427.0,fantasy_fiction,3.0
"The Summoner(Chronicles of the Necromancer, #1)",Gail Z. Martin,3.74,2015-05-24,637.0,fiction,3.0
"Here, There Be Dragons(Chronicles of the Imaginarium Geographica, #1)",James A. Owen,3.86,2015-05-24,326.0,juvenile_fiction,3.0
"The Midnight Mayor(Matthew Swift, #2)",Kate Griffin,4.14,2015-05-24,480.0,"fantasy_fiction,_english",4.0
"Deathwish(Cal Leandros, #4)",Rob Thurman,4.1,2015-05-24,336.0,fiction,2.0
"Vicious Circle(Felix Castor, #2)",Mike Carey,3.98,2015-05-24,512.0,exorcism,3.0
"Hex and the City(Nightside, #4)",Simon R. Green,4.06,2015-05-24,246.0,fiction,4.0
"Just Another Judgement Day(Nightside, #9)",Simon R. Green,4.15,2015-05-24,272.0,unknown,4.0
"The Good, the Bad, and the Uncanny(Nightside, #10)",Simon R. Green,4.1,2015-05-24,275.0,fiction,4.0
"Kill the Dead(Sandman Slim, #2)",Richard Kadrey,4.08,2015-05-24,434.0,paranormal_fiction,4.0
"Changes(The Dresden Files, #12)",Jim Butcher,4.51,2015-05-24,438.0,fiction,4.0
"Hexed(The Iron Druid Chronicles, #2)",Kevin Hearne,4.22,2015-05-24,296.0,fiction,3.0
"Storm Front(The Dresden Files, #1)",Jim Butcher,3.97,2015-05-24,372.0,fiction,3.0
Best Served Cold,Joe Abercrombie,4.24,2015-04-21,534.0,fiction,4.0
"Prince of Fools(The Red Queen's War, #1)",Mark Lawrence,4.05,2015-04-21,355.0,fiction,4.0
"City of Light(Traveler's Gate, #3)",Will Wight,4.16,2015-04-05,394.0,fiction,
"The Blood of Olympus(The Heroes of Olympus, #5)",Rick Riordan,4.43,2015-04-05,516.0,camps,3.0
"The Name of the Wind(The Kingkiller Chronicle, #1)",Patrick Rothfuss,4.52,2015-03-31,662.0,fantasy_fiction,4.0
"Brimstone(Pendergast, #5; Diogenes, #1)",Douglas Preston,4.15,2015-03-12,740.0,fiction,4.0
"Reliquary(Pendergast, #2)",Douglas Preston,4.04,2015-03-12,464.0,unknown,4.0
"Relic(Pendergast, #1)",Douglas Preston,4.05,2015-03-12,480.0,antiquities,3.0
"City of Stairs(The Divine Cities, #1)",Robert Jackson Bennett,4.1,2015-03-11,452.0,fiction,4.0
"The Magician's Land(The Magicians, #3)",Lev Grossman,4.14,2015-03-11,402.0,unknown,4.0
"The Magician King(The Magicians, #2)",Lev Grossman,3.93,2015-03-11,432.0,"adventure_stories,_american",4.0
"The Magicians(The Magicians, #1)",Lev Grossman,3.53,2015-03-10,402.0,fiction,5.0
"Half a King(Shattered Sea, #1)",Joe Abercrombie,3.97,2015-03-03,336.0,fiction,5.0
"The Warded Man(The Demon Cycle, #1)",Peter V. Brett,4.25,2015-03-03,416.0,fiction,4.0
"Those Above(The Empty Throne, #1)",Daniel Polansky,3.67,2015-03-03,416.0,fiction,1.0
"House of Blades(Traveler's Gate, #1)",Will Wight,4.07,2015-03-03,294.0,fiction,
"Malice(The Faithful and the Fallen, #1)",John Gwynne,4.17,2015-03-03,672.0,fiction,2.0
"Blood Song(Raven's Shadow, #1)",Anthony Ryan,4.41,2015-03-03,591.0,fiction,4.0
"The Emperor's Blades(Chronicle of the Unhewn Throne, #1)",Brian Staveley,4.09,2015-03-03,480.0,assassination,4.0
"The Black Prism(Lightbringer, #1)",Brent Weeks,4.23,2015-03-03,629.0,fiction,4.0
"The Crimson Vault(Traveler's Gate, #2)",Will Wight,4.18,2015-03-03,386.0,fiction,4.0
"Tower Lord(Raven's Shadow, #2)",Anthony Ryan,4.16,2015-03-03,608.0,fiction,4.0
"The Broken Eye(Lightbringer, #3)",Brent Weeks,4.45,2015-03-03,688.0,fiction,4.0
"Emperor of Thorns(The Broken Empire, #3)",Mark Lawrence,4.22,2015-03-03,434.0,fiction,5.0
"The Daylight War(Demon Cycle, #3)",Peter V. Brett,4.2,2015-03-03,639.0,fiction,4.0
"The Blinding Knife(Lightbringer, #2)",Brent Weeks,4.41,2015-03-03,671.0,fiction,4.0
"King of Thorns(The Broken Empire, #2)",Mark Lawrence,4.18,2015-03-03,449.0,fiction,5.0
"Last Argument of Kings(The First Law, #3)",Joe Abercrombie,4.35,2015-03-03,536.0,fiction,4.0
"The Hero of Ages(Mistborn, #3)",Brandon Sanderson,4.56,2015-03-03,572.0,fiction,3.0
"Beyond the Shadows(Night Angel, #3)",Brent Weeks,4.27,2015-03-03,689.0,fiction,4.0
"The Desert Spear(Demon Cycle, #2)",Peter V. Brett,4.21,2015-03-03,579.0,fiction,5.0
"Shadow's Edge(Night Angel, #2)",Brent Weeks,4.25,2015-03-03,636.0,fiction,4.0
"Elantris(Elantris, #1)",Brandon Sanderson,4.17,2015-03-03,638.0,fiction,4.0
"H.I.V.E. Higher Institute of Villainous Education(H.I.V.E., #1)",Mark Walden,4.07,2015-03-03,320.0,juvenile_fiction,2.0
"Happenstance Found(The Books of Umber, #1)",P.W. Catanese,4.01,2015-03-03,352.0,juvenile_fiction,3.0
"The Accidental Hero(Jack Blank Adventure, #1)",Matt Myklusch,4.2,2015-03-03,501.0,juvenile_fiction,3.0
"The Crimson Campaign(Powder Mage, #2)",Brian McClellan,4.35,2015-03-03,596.0,fiction,3.0
"Promise of Blood(Powder Mage, #1)",Brian McClellan,4.13,2015-03-03,545.0,fiction,5.0
"Before They Are Hanged(The First Law, #2)",Joe Abercrombie,4.36,2015-03-01,441.0,fiction,5.0
"A Game of Thrones(A Song of Ice and Fire, #1)",George R.R. Martin,4.45,2015-03-01,835.0,fiction,4.0
The Fault in Our Stars,John Green,4.13,2015-03-01,313.0,cancer,5.0
Americanah,Chimamanda Ngozi Adichie,4.31,2015-03-01,477.0,fiction,4.0
The Time Traveler's Wife,Audrey Niffenegger,4.0,2015-03-01,537.0,fiction,4.0
"Angels & Demons(Robert Langdon, #1)",Dan Brown,3.95,2015-03-01,736.0,"body,_mind_&_spirit",4.0
"The Hunger Games(The Hunger Games, #1)",Suzanne Collins,4.34,2015-03-01,374.0,juvenile_fiction,3.0
The Great Gatsby,F. Scott Fitzgerald,3.93,2015-03-01,180.0,cooking,4.0
"Charlie Bone and the Red Knight(Children of the Red King, #8)",Jenny Nimmo,4.13,2015-03-01,423.0,juvenile_fiction,4.0
"The Serpent's Shadow(The Kane Chronicles, #3)",Rick Riordan,4.28,2015-03-01,406.0,brothers_and_sisters,3.0
"The Enchantress(The Secrets of the Immortal Nicholas Flamel, #6)",Michael Scott,4.24,2015-03-01,513.0,unknown,4.0
"The Last Guardian(Artemis Fowl, #8)",Eoin Colfer,4.16,2015-03-01,328.0,juvenile_fiction,4.0
"Keys to the Demon Prison(Fablehaven, #5)",Brandon Mull,4.46,2015-03-01,593.0,juvenile_fiction,4.0
"The Necromancer(The Secrets of the Immortal Nicholas Flamel, #4)",Michael Scott,4.13,2015-03-01,416.0,young_adult_fiction,4.0
"The Journal of Curious Letters(The 13th Reality, #1)",James Dashner,3.94,2015-03-01,434.0,juvenile_fiction,4.0
"Forest Born(The Books of Bayern, #4)",Shannon Hale,4.04,2015-03-01,389.0,young_adult_fiction,2.0
"Rise of the Evening Star(Fablehaven, #2)",Brandon Mull,4.18,2015-03-01,456.0,juvenile_fiction,4.0
"The Titan’s Curse(Percy Jackson and the Olympians, #3)",Rick Riordan,4.37,2015-03-01,352.0,juvenile_fiction,4.0
"Harry Potter and the Sorcerer's Stone(Harry Potter, #1)",J.K. Rowling,4.47,2015-03-01,309.0,juvenile_fiction,4.0
